week,query_id,category,held_out,vendor,response_mode,n_results,latency_ms,cost_usd,cost_source,complete_ensemble,median_overall,error
2026-W31,gf-012,general_facts,0,exa,ranked_results,10,954,0.007,reported,1,10.0,
2026-W31,ct-012,code_technical,0,youcom,ranked_results,10,1108,0.005,estimated,1,9.0,
2026-W31,bn-012,breaking_news,0,serper,ranked_results,9,1385,0.0003,estimated,1,10.0,
2026-W31,mh-012,multi_hop,0,linkup,ranked_results,10,1485,0.005,estimated,1,8.0,
2026-W31,bn-012,breaking_news,0,exa,ranked_results,10,282,0.007,reported,1,10.0,
2026-W31,lt-013,long_tail,0,serper,ranked_results,10,1118,0.0003,estimated,1,9.0,
2026-W31,mh-012,multi_hop,0,youcom,ranked_results,10,753,0.005,estimated,1,8.0,
2026-W31,gf-012,general_facts,0,linkup,ranked_results,10,1966,0.005,estimated,0,,
2026-W31,lt-013,long_tail,0,exa,ranked_results,10,276,0.007,reported,0,,
2026-W31,ls-013,local_shopping,0,serper,ranked_results,9,1748,0.0003,estimated,1,9.0,
2026-W31,ls-012,local_shopping,0,perplexity,both,10,3983,0.00547,reported,1,8.0,
2026-W31,gf-012,general_facts,0,youcom,ranked_results,10,923,0.005,estimated,1,9.0,
2026-W31,bn-012,breaking_news,0,linkup,ranked_results,10,1578,0.005,estimated,1,7.0,
2026-W31,ls-013,local_shopping,0,exa,ranked_results,10,274,0.007,reported,1,9.0,
2026-W31,ct-013,code_technical,0,serper,ranked_results,9,884,0.0003,estimated,1,10.0,
2026-W31,ct-012,code_technical,0,perplexity,both,10,4231,0.0053,reported,1,9.0,
2026-W31,bn-001,breaking_news,0,youcom,ranked_results,10,891,0.005,estimated,1,6.0,
2026-W31,lt-013,long_tail,0,linkup,ranked_results,10,1313,0.005,estimated,1,8.0,
2026-W31,mh-012,multi_hop,0,perplexity,both,10,2136,0.00506,reported,1,9.0,
2026-W31,ct-013,code_technical,0,exa,ranked_results,10,275,0.007,reported,1,10.0,
2026-W31,bn-012,breaking_news,0,youcom,ranked_results,10,937,0.005,estimated,1,9.0,
2026-W31,lt-013,long_tail,0,youcom,ranked_results,10,770,0.005,estimated,1,8.0,
2026-W31,mh-013,multi_hop,0,serper,ranked_results,10,1835,0.0003,estimated,1,9.0,
2026-W31,ls-013,local_shopping,0,linkup,ranked_results,10,1661,0.005,estimated,1,9.0,
2026-W31,gf-012,general_facts,0,perplexity,both,10,2273,0.00509,reported,0,,
2026-W31,mh-013,multi_hop,0,exa,ranked_results,10,298,0.007,reported,1,9.0,
2026-W31,ls-013,local_shopping,0,youcom,ranked_results,10,739,0.005,estimated,1,8.0,
2026-W31,bn-012,breaking_news,0,perplexity,both,10,2000,0.0051,reported,1,9.0,
2026-W31,gf-013,general_facts,0,serper,ranked_results,9,1747,0.0003,estimated,0,,
2026-W31,ct-013,code_technical,0,linkup,ranked_results,10,2097,0.005,estimated,1,10.0,
2026-W31,bn-013,breaking_news,0,serper,ranked_results,9,1302,0.0003,estimated,1,9.0,
2026-W31,gf-013,general_facts,0,exa,ranked_results,10,1282,0.007,reported,1,10.0,
2026-W31,ct-013,code_technical,0,youcom,ranked_results,10,962,0.005,estimated,1,10.0,
2026-W31,mh-013,multi_hop,0,linkup,ranked_results,10,1374,0.005,estimated,1,9.0,
2026-W31,bn-013,breaking_news,0,exa,ranked_results,10,276,0.007,reported,1,10.0,
2026-W31,lt-014,long_tail,0,serper,ranked_results,9,953,0.0003,estimated,1,9.0,
2026-W31,gf-013,general_facts,0,linkup,ranked_results,10,1210,0.005,estimated,1,10.0,
2026-W31,mh-013,multi_hop,0,youcom,ranked_results,10,888,0.005,estimated,1,2.0,
2026-W31,ls-014,local_shopping,0,serper,ranked_results,9,1249,0.0003,estimated,1,9.0,
2026-W31,lt-014,long_tail,0,exa,ranked_results,10,294,0.007,reported,1,9.0,
2026-W31,ls-013,local_shopping,0,perplexity,both,10,4862,0.00549,reported,1,8.0,
2026-W31,ct-013,code_technical,0,perplexity,both,10,3147,0.00525,reported,1,10.0,
2026-W31,gf-013,general_facts,0,youcom,ranked_results,10,731,0.005,estimated,1,9.0,
2026-W31,bn-013,breaking_news,0,linkup,ranked_results,10,1877,0.005,estimated,1,7.0,
2026-W31,ls-014,local_shopping,0,exa,ranked_results,10,313,0.007,reported,1,9.0,
2026-W31,ct-014,code_technical,0,serper,ranked_results,9,870,0.0003,estimated,1,9.0,
2026-W31,bn-013,breaking_news,0,youcom,ranked_results,10,794,0.005,estimated,1,9.0,
2026-W31,lt-014,long_tail,0,linkup,ranked_results,10,1485,0.005,estimated,1,8.0,
2026-W31,mh-013,multi_hop,0,perplexity,both,10,2781,0.00505,reported,1,10.0,
2026-W31,lt-013,long_tail,0,perplexity,both,10,10155,0.00553,reported,1,8.0,
2026-W31,ct-014,code_technical,0,exa,ranked_results,10,275,0.007,reported,1,9.0,
2026-W31,mh-014,multi_hop,0,serper,ranked_results,10,1085,0.0003,estimated,1,9.0,
2026-W31,lt-014,long_tail,0,youcom,ranked_results,10,949,0.005,estimated,1,8.0,
2026-W31,gf-013,general_facts,0,perplexity,both,10,2869,0.00507,reported,1,10.0,
2026-W31,ls-014,local_shopping,0,linkup,ranked_results,10,1728,0.005,estimated,1,7.0,
2026-W31,gf-014,general_facts,0,serper,ranked_results,9,1186,0.0003,estimated,1,9.0,
2026-W31,ls-014,local_shopping,0,youcom,ranked_results,10,787,0.005,estimated,1,9.0,
2026-W31,ct-014,code_technical,0,linkup,ranked_results,10,1615,0.005,estimated,1,8.0,
2026-W31,bn-013,breaking_news,0,perplexity,both,10,3465,0.00509,reported,1,10.0,
2026-W31,mh-014,multi_hop,0,exa,ranked_results,10,2217,0.007,reported,1,9.0,
2026-W31,gf-014,general_facts,0,exa,ranked_results,10,509,0.007,reported,1,10.0,
2026-W31,bn-014,breaking_news,0,serper,ranked_results,9,1647,0.0003,estimated,1,9.0,
2026-W31,ct-014,code_technical,0,youcom,ranked_results,10,1105,0.005,estimated,1,8.0,
2026-W31,mh-014,multi_hop,0,linkup,ranked_results,10,1692,0.005,estimated,1,7.0,
2026-W31,lt-015,long_tail,0,serper,ranked_results,9,1100,0.0003,estimated,1,7.0,
2026-W31,bn-014,breaking_news,0,exa,ranked_results,10,1409,0.007,reported,1,10.0,
2026-W31,gf-014,general_facts,0,linkup,ranked_results,10,1300,0.005,estimated,1,9.0,
2026-W31,ls-014,local_shopping,0,perplexity,both,10,2928,0.00525,reported,1,9.0,
2026-W31,lt-014,long_tail,0,perplexity,both,10,5062,0.00542,reported,1,8.0,
2026-W31,lt-015,long_tail,0,exa,ranked_results,10,279,0.007,reported,1,9.0,
2026-W31,mh-014,multi_hop,0,youcom,ranked_results,10,1489,0.005,estimated,1,10.0,
2026-W31,ls-015,local_shopping,0,serper,ranked_results,10,1224,0.0003,estimated,1,8.0,
2026-W31,gf-014,general_facts,0,youcom,ranked_results,10,781,0.005,estimated,1,9.0,
2026-W31,bn-014,breaking_news,0,linkup,ranked_results,10,1632,0.005,estimated,1,1.0,
2026-W31,bn-001,breaking_news,0,perplexity,both,10,2606,0.00508,reported,1,9.0,
2026-W31,ls-015,local_shopping,0,exa,ranked_results,10,316,0.007,reported,1,9.0,
2026-W31,ct-015,code_technical,0,serper,ranked_results,10,1185,0.0003,estimated,1,9.0,
2026-W31,bn-002,breaking_news,0,serper,ranked_results,10,966,0.0003,estimated,1,10.0,
2026-W31,lt-015,long_tail,0,linkup,ranked_results,10,1441,0.005,estimated,1,8.0,
2026-W31,mh-014,multi_hop,0,perplexity,both,10,2914,0.00509,reported,1,10.0,
2026-W31,bn-014,breaking_news,0,youcom,ranked_results,10,926,0.005,estimated,1,5.0,
2026-W31,ct-014,code_technical,0,perplexity,both,10,5503,0.00536,reported,1,9.0,
2026-W31,mh-015,multi_hop,0,serper,ranked_results,10,1092,0.0003,estimated,1,7.0,
2026-W31,ct-015,code_technical,0,exa,ranked_results,10,1203,0.007,reported,1,9.0,
2026-W31,bn-002,breaking_news,0,exa,ranked_results,10,275,0.007,reported,1,10.0,
2026-W31,ls-015,local_shopping,0,linkup,ranked_results,10,1336,0.005,estimated,1,8.0,
2026-W31,lt-015,long_tail,0,youcom,ranked_results,10,820,0.005,estimated,1,8.0,
2026-W31,mh-015,multi_hop,0,exa,ranked_results,10,1123,0.007,reported,1,10.0,
2026-W31,gf-015,general_facts,0,serper,ranked_results,9,1232,0.0003,estimated,1,10.0,
2026-W31,ls-015,local_shopping,0,youcom,ranked_results,10,919,0.005,estimated,0,,
2026-W31,gf-014,general_facts,0,perplexity,both,10,4233,0.00507,reported,1,10.0,
2026-W31,bn-014,breaking_news,0,perplexity,both,10,2426,0.00508,reported,1,8.0,
2026-W31,ct-015,code_technical,0,linkup,ranked_results,10,1552,0.005,estimated,1,8.0,
2026-W31,gf-015,general_facts,0,exa,ranked_results,10,277,0.007,reported,0,,
2026-W31,bn-015,breaking_news,0,serper,ranked_results,9,828,0.0003,estimated,1,10.0,
2026-W31,ct-015,code_technical,0,youcom,ranked_results,10,1002,0.005,estimated,1,9.0,
2026-W31,bn-002,breaking_news,0,linkup,ranked_results,10,2080,0.005,estimated,0,,
2026-W31,mh-015,multi_hop,0,linkup,ranked_results,10,1431,0.005,estimated,1,9.0,
2026-W31,lt-016,long_tail,0,serper,ranked_results,10,850,0.0003,estimated,1,9.0,
2026-W31,bn-002,breaking_news,0,youcom,ranked_results,10,932,0.005,estimated,1,10.0,
2026-W31,bn-015,breaking_news,0,exa,ranked_results,10,274,0.007,reported,1,9.0,
2026-W31,mh-015,multi_hop,0,youcom,ranked_results,10,811,0.005,estimated,1,7.0,
2026-W31,gf-015,general_facts,0,linkup,ranked_results,10,1196,0.005,estimated,0,,
2026-W31,lt-015,long_tail,0,perplexity,both,10,5783,0.00548,reported,1,9.0,
2026-W31,ls-016,local_shopping,0,serper,ranked_results,9,1452,0.0003,estimated,1,9.0,
2026-W31,ls-015,local_shopping,0,perplexity,both,10,4276,0.00541,reported,1,9.0,
2026-W31,lt-016,long_tail,0,exa,ranked_results,10,1208,0.007,reported,1,9.0,
2026-W31,bn-015,breaking_news,0,linkup,ranked_results,10,1353,0.005,estimated,1,8.0,
2026-W31,bn-002,breaking_news,0,perplexity,both,10,1887,0.00506,reported,1,10.0,
2026-W31,gf-015,general_facts,0,youcom,ranked_results,10,1211,0.005,estimated,1,10.0,
2026-W31,ct-016,code_technical,0,serper,ranked_results,9,1185,0.0003,estimated,1,8.0,
2026-W31,ct-015,code_technical,0,perplexity,both,10,5204,0.00539,reported,1,9.0,
2026-W31,ls-016,local_shopping,0,exa,ranked_results,10,1888,0.007,reported,1,9.0,
2026-W31,mh-015,multi_hop,0,perplexity,both,10,2547,0.00507,reported,1,10.0,
2026-W31,bn-003,breaking_news,0,serper,ranked_results,9,1097,0.0003,estimated,1,9.0,
2026-W31,lt-016,long_tail,0,linkup,ranked_results,10,1531,0.005,estimated,1,9.0,
2026-W31,bn-015,breaking_news,0,youcom,ranked_results,10,873,0.005,estimated,1,8.0,
2026-W31,mh-016,multi_hop,0,serper,ranked_results,10,1009,0.0003,estimated,1,9.0,
2026-W31,ct-016,code_technical,0,exa,ranked_results,10,1159,0.007,reported,1,9.0,
2026-W31,bn-003,breaking_news,0,exa,ranked_results,10,273,0.007,reported,1,6.0,
2026-W31,lt-016,long_tail,0,youcom,ranked_results,10,970,0.005,estimated,1,9.0,
2026-W31,gf-015,general_facts,0,perplexity,both,10,2430,0.00504,reported,1,10.0,
2026-W31,mh-016,multi_hop,0,exa,ranked_results,10,280,0.007,reported,1,10.0,
2026-W31,ls-016,local_shopping,0,linkup,ranked_results,10,2316,0.005,estimated,1,8.0,
2026-W31,gf-016,general_facts,0,serper,ranked_results,10,1417,0.0003,estimated,1,10.0,
2026-W31,ls-016,local_shopping,0,youcom,ranked_results,10,760,0.005,estimated,1,8.0,
2026-W31,bn-015,breaking_news,0,perplexity,both,10,2560,0.00506,reported,1,10.0,
2026-W31,ct-016,code_technical,0,linkup,ranked_results,10,1615,0.005,estimated,1,8.0,
2026-W31,gf-016,general_facts,0,exa,ranked_results,10,277,0.007,reported,1,10.0,
2026-W31,bn-016,breaking_news,0,serper,ranked_results,9,933,0.0003,estimated,1,8.0,
2026-W31,bn-003,breaking_news,0,linkup,ranked_results,10,1902,0.005,estimated,1,9.0,
2026-W31,mh-016,multi_hop,0,linkup,ranked_results,10,1465,0.005,estimated,1,7.0,
2026-W31,ct-016,code_technical,0,youcom,ranked_results,10,950,0.005,estimated,1,9.0,
2026-W31,bn-003,breaking_news,0,youcom,ranked_results,10,805,0.005,estimated,1,6.0,
2026-W31,bn-016,breaking_news,0,exa,ranked_results,10,277,0.007,reported,1,9.0,
2026-W31,lt-017,long_tail,0,serper,ranked_results,9,1177,0.0003,estimated,1,7.0,
2026-W31,mh-016,multi_hop,0,youcom,ranked_results,10,1179,0.005,estimated,1,6.0,
2026-W31,lt-016,long_tail,0,perplexity,both,10,5160,0.00551,reported,1,8.0,
2026-W31,gf-016,general_facts,0,linkup,ranked_results,10,1999,0.005,estimated,1,10.0,
2026-W31,lt-017,long_tail,0,exa,ranked_results,10,300,0.007,reported,1,9.0,
2026-W31,ls-017,local_shopping,0,serper,ranked_results,6,1096,0.0003,estimated,1,8.0,
2026-W31,bn-016,breaking_news,0,linkup,ranked_results,10,1403,0.005,estimated,1,9.0,
2026-W31,ls-016,local_shopping,0,perplexity,both,10,5726,0.00553,reported,1,9.0,
2026-W31,bn-003,breaking_news,0,perplexity,both,10,2614,0.0051,reported,1,8.0,
2026-W31,gf-016,general_facts,0,youcom,ranked_results,10,918,0.005,estimated,1,10.0,
2026-W31,ls-017,local_shopping,0,exa,ranked_results,10,277,0.007,reported,1,9.0,
2026-W31,ct-016,code_technical,0,perplexity,both,10,4463,0.00543,reported,1,9.0,
2026-W31,ct-017,code_technical,0,serper,ranked_results,9,946,0.0003,estimated,1,9.0,
2026-W31,lt-017,long_tail,0,linkup,ranked_results,10,1563,0.005,estimated,1,5.0,
2026-W31,bn-004,breaking_news,0,serper,ranked_results,9,1251,0.0003,estimated,1,4.0,
2026-W31,bn-016,breaking_news,0,youcom,ranked_results,10,1365,0.005,estimated,1,9.0,
2026-W31,mh-016,multi_hop,0,perplexity,both,10,3056,0.0051,reported,1,9.0,
2026-W31,ct-017,code_technical,0,exa,ranked_results,10,279,0.007,reported,1,10.0,
2026-W31,lt-017,long_tail,0,youcom,ranked_results,10,862,0.005,estimated,1,7.0,
2026-W31,bn-004,breaking_news,0,exa,ranked_results,10,280,0.007,reported,1,9.0,
2026-W31,ls-017,local_shopping,0,linkup,ranked_results,10,1701,0.005,estimated,1,8.0,
2026-W31,mh-017,multi_hop,0,serper,ranked_results,8,2298,0.0003,estimated,1,6.0,
2026-W31,mh-017,multi_hop,0,exa,ranked_results,10,276,0.007,reported,1,8.0,
2026-W31,gf-016,general_facts,0,perplexity,both,10,2948,0.00508,reported,1,10.0,
2026-W31,gf-017,general_facts,0,serper,ranked_results,8,1171,0.0003,estimated,1,10.0,
2026-W31,ls-017,local_shopping,0,youcom,ranked_results,10,814,0.005,estimated,1,8.0,
2026-W31,bn-016,breaking_news,0,perplexity,both,10,2705,0.0051,reported,1,9.0,
2026-W31,ct-017,code_technical,0,linkup,ranked_results,10,1846,0.005,estimated,1,9.0,
2026-W31,gf-017,general_facts,0,exa,ranked_results,10,278,0.007,reported,1,10.0,
2026-W31,bn-017,breaking_news,0,serper,ranked_results,10,1193,0.0003,estimated,1,10.0,
2026-W31,bn-004,breaking_news,0,linkup,ranked_results,10,2218,0.005,estimated,1,7.0,
2026-W31,mh-017,multi_hop,0,linkup,ranked_results,10,1629,0.005,estimated,1,9.0,
2026-W31,ct-017,code_technical,0,youcom,ranked_results,10,961,0.005,estimated,1,8.0,
2026-W31,lt-018,long_tail,0,serper,ranked_results,9,1001,0.0003,estimated,1,6.0,
2026-W31,bn-004,breaking_news,0,youcom,ranked_results,10,1039,0.005,estimated,1,9.0,
2026-W31,bn-017,breaking_news,0,exa,ranked_results,10,277,0.007,reported,1,10.0,
2026-W31,mh-017,multi_hop,0,youcom,ranked_results,10,968,0.005,estimated,1,3.0,
2026-W31,gf-017,general_facts,0,linkup,ranked_results,10,1697,0.005,estimated,1,9.0,
2026-W31,ls-017,local_shopping,0,perplexity,both,10,4327,0.00547,reported,1,8.0,
2026-W31,lt-017,long_tail,0,perplexity,both,10,7044,0.00554,reported,1,7.0,
2026-W31,ls-018,local_shopping,0,serper,ranked_results,10,1609,0.0003,estimated,1,8.0,
2026-W31,lt-018,long_tail,0,exa,ranked_results,10,1271,0.007,reported,1,8.0,
2026-W31,gf-017,general_facts,0,youcom,ranked_results,10,756,0.005,estimated,1,9.0,
2026-W31,ct-017,code_technical,0,perplexity,both,10,3678,0.00516,reported,1,10.0,
2026-W31,bn-004,breaking_news,0,perplexity,both,10,2151,0.00505,reported,1,4.0,
2026-W31,bn-017,breaking_news,0,linkup,ranked_results,10,1691,0.005,estimated,1,9.0,
2026-W31,ls-018,local_shopping,0,exa,ranked_results,10,279,0.007,reported,1,9.0,
2026-W31,ct-018,code_technical,0,serper,ranked_results,9,1285,0.0003,estimated,1,9.0,
2026-W31,bn-005,breaking_news,0,serper,ranked_results,9,1210,0.0003,estimated,1,9.0,
2026-W31,mh-017,multi_hop,0,perplexity,both,10,2022,0.00507,reported,1,6.0,
2026-W31,lt-018,long_tail,0,linkup,ranked_results,10,1654,0.005,estimated,1,5.0,
2026-W31,bn-017,breaking_news,0,youcom,ranked_results,10,754,0.005,estimated,1,9.0,
2026-W31,mh-018,multi_hop,0,serper,ranked_results,9,1297,0.0003,estimated,1,3.0,
2026-W31,ls-018,local_shopping,0,linkup,ranked_results,10,1483,0.005,estimated,1,8.0,
2026-W31,ct-018,code_technical,0,exa,ranked_results,10,2077,0.007,reported,0,,
2026-W31,gf-017,general_facts,0,perplexity,both,10,2512,0.00507,reported,1,10.0,
2026-W31,lt-018,long_tail,0,youcom,ranked_results,10,1258,0.005,estimated,1,7.0,
2026-W31,mh-018,multi_hop,0,exa,ranked_results,10,278,0.007,reported,1,3.0,
2026-W31,bn-005,breaking_news,0,exa,ranked_results,10,1729,0.007,reported,1,10.0,
2026-W31,gf-018,general_facts,0,serper,ranked_results,8,1634,0.0003,estimated,1,9.0,
2026-W31,bn-017,breaking_news,0,perplexity,both,10,1989,0.00509,reported,1,10.0,
2026-W31,ls-018,local_shopping,0,youcom,ranked_results,10,967,0.005,estimated,1,8.0,
2026-W31,ct-018,code_technical,0,linkup,ranked_results,10,1477,0.005,estimated,0,,
2026-W31,gf-018,general_facts,0,exa,ranked_results,10,285,0.007,reported,1,10.0,
2026-W31,bn-018,breaking_news,0,serper,ranked_results,10,795,0.0003,estimated,1,9.0,
2026-W31,bn-005,breaking_news,0,linkup,ranked_results,10,1554,0.005,estimated,1,8.0,
2026-W31,mh-018,multi_hop,0,linkup,ranked_results,10,1260,0.005,estimated,1,6.0,
2026-W31,ct-018,code_technical,0,youcom,ranked_results,10,922,0.005,estimated,1,8.0,
2026-W31,lt-019,long_tail,0,serper,ranked_results,9,894,0.0003,estimated,1,7.0,
2026-W31,bn-005,breaking_news,0,youcom,ranked_results,10,1036,0.005,estimated,1,9.0,
2026-W31,bn-018,breaking_news,0,exa,ranked_results,10,281,0.007,reported,0,,
2026-W31,mh-018,multi_hop,0,youcom,ranked_results,10,763,0.005,estimated,0,,
2026-W31,gf-018,general_facts,0,linkup,ranked_results,10,1291,0.005,estimated,1,9.0,
2026-W31,ls-019,local_shopping,0,serper,ranked_results,9,1307,0.0003,estimated,1,8.0,
2026-W31,lt-019,long_tail,0,exa,ranked_results,10,282,0.007,reported,1,9.0,
2026-W31,ls-018,local_shopping,0,perplexity,both,10,4447,0.00542,reported,1,9.0,
2026-W31,lt-018,long_tail,0,perplexity,both,10,6874,0.00553,reported,1,9.0,
2026-W31,gf-018,general_facts,0,youcom,ranked_results,10,708,0.005,estimated,1,9.0,
2026-W31,bn-018,breaking_news,0,linkup,ranked_results,10,1589,0.005,estimated,1,9.0,
2026-W31,ct-018,code_technical,0,perplexity,both,10,4249,0.00545,reported,1,9.0,
2026-W31,bn-005,breaking_news,0,perplexity,both,10,2522,0.00511,reported,1,10.0,
2026-W31,ls-019,local_shopping,0,exa,ranked_results,10,1446,0.007,reported,1,9.0,
2026-W31,lt-019,long_tail,0,linkup,ranked_results,10,1583,0.005,estimated,1,8.0,
2026-W31,mh-018,multi_hop,0,perplexity,both,10,2711,0.00509,reported,1,10.0,
2026-W31,bn-007,breaking_news,0,youcom,ranked_results,10,1048,0.005,estimated,1,9.0,
2026-W31,ct-019,code_technical,0,serper,ranked_results,10,2933,0.0003,estimated,1,8.0,
2026-W31,ct-019,code_technical,0,exa,ranked_results,10,278,0.007,reported,1,9.0,
2026-W31,bn-018,breaking_news,0,youcom,ranked_results,10,1089,0.005,estimated,1,9.0,
2026-W31,mh-019,multi_hop,0,serper,ranked_results,10,1446,0.0003,estimated,1,9.0,
2026-W31,lt-019,long_tail,0,youcom,ranked_results,10,884,0.005,estimated,1,7.0,
2026-W31,ls-019,local_shopping,0,linkup,ranked_results,10,1929,0.005,estimated,1,8.0,
2026-W31,gf-018,general_facts,0,perplexity,both,10,2741,0.00509,reported,1,9.0,
2026-W31,bn-006,breaking_news,0,serper,ranked_results,9,892,0.0003,estimated,1,10.0,
2026-W31,mh-019,multi_hop,0,exa,ranked_results,10,445,0.007,reported,0,,
2026-W31,gf-019,general_facts,0,serper,ranked_results,8,1237,0.0003,estimated,1,10.0,
2026-W31,ls-019,local_shopping,0,youcom,ranked_results,10,1059,0.005,estimated,1,9.0,
2026-W31,ct-019,code_technical,0,linkup,ranked_results,10,1578,0.005,estimated,1,9.0,
2026-W31,bn-018,breaking_news,0,perplexity,both,10,3421,0.00518,reported,1,8.0,
2026-W31,bn-019,breaking_news,0,serper,ranked_results,10,1016,0.0003,estimated,1,10.0,
2026-W31,bn-006,breaking_news,0,exa,ranked_results,10,1331,0.007,reported,1,10.0,
2026-W31,ct-019,code_technical,0,youcom,ranked_results,10,749,0.005,estimated,1,8.0,
2026-W31,mh-019,multi_hop,0,linkup,ranked_results,10,1339,0.005,estimated,1,10.0,
2026-W31,gf-019,general_facts,0,exa,ranked_results,10,1442,0.007,reported,0,,
2026-W31,lt-020,long_tail,0,serper,ranked_results,9,1002,0.0003,estimated,1,5.0,
2026-W31,bn-019,breaking_news,0,exa,ranked_results,10,300,0.007,reported,1,10.0,
2026-W31,bn-006,breaking_news,0,linkup,ranked_results,10,1561,0.005,estimated,1,10.0,
2026-W31,lt-019,long_tail,0,perplexity,both,10,4491,0.0055,reported,1,9.0,
2026-W31,mh-019,multi_hop,0,youcom,ranked_results,10,976,0.005,estimated,1,9.0,
2026-W31,gf-019,general_facts,0,linkup,ranked_results,10,1666,0.005,estimated,1,9.0,
2026-W31,lt-020,long_tail,0,exa,ranked_results,10,275,0.007,reported,1,9.0,
2026-W31,ls-020,local_shopping,0,serper,ranked_results,9,971,0.0003,estimated,1,8.0,
2026-W31,ls-019,local_shopping,0,perplexity,both,10,3988,0.00533,reported,1,9.0,
2026-W31,bn-006,breaking_news,0,youcom,ranked_results,10,987,0.005,estimated,1,10.0,
2026-W31,gf-019,general_facts,0,youcom,ranked_results,10,952,0.005,estimated,1,10.0,
2026-W31,ct-020,code_technical,0,serper,ranked_results,10,809,0.0003,estimated,1,9.0,
2026-W31,bn-019,breaking_news,0,linkup,ranked_results,10,2069,0.005,estimated,1,9.0,
2026-W31,mh-019,multi_hop,0,perplexity,both,10,1819,0.00505,reported,1,10.0,
2026-W31,ct-019,code_technical,0,perplexity,both,10,4423,0.00533,reported,1,8.0,
2026-W31,ls-020,local_shopping,0,exa,ranked_results,10,1335,0.007,reported,1,8.0,
2026-W31,bn-019,breaking_news,0,youcom,ranked_results,10,807,0.005,estimated,1,10.0,
2026-W31,lt-020,long_tail,0,linkup,ranked_results,10,1684,0.005,estimated,1,8.0,
2026-W31,mh-020,multi_hop,0,serper,ranked_results,9,935,0.0003,estimated,1,8.0,
2026-W31,bn-006,breaking_news,0,perplexity,both,10,2130,0.00505,reported,1,10.0,
2026-W31,gf-019,general_facts,0,perplexity,both,10,1830,0.00507,reported,1,10.0,
2026-W31,ct-020,code_technical,0,exa,ranked_results,10,1252,0.007,reported,1,9.0,
2026-W31,lt-020,long_tail,0,youcom,ranked_results,10,766,0.005,estimated,1,5.0,
2026-W31,bn-007,breaking_news,0,serper,ranked_results,10,828,0.0003,estimated,1,9.0,
2026-W31,ls-020,local_shopping,0,linkup,ranked_results,10,1712,0.005,estimated,1,8.0,
2026-W31,mh-020,multi_hop,0,exa,ranked_results,10,278,0.007,reported,1,8.0,
2026-W31,gf-020,general_facts,0,serper,ranked_results,8,1141,0.0003,estimated,1,9.0,
2026-W31,ls-020,local_shopping,0,youcom,ranked_results,10,742,0.005,estimated,1,8.0,
2026-W31,bn-019,breaking_news,0,perplexity,both,10,2061,0.00505,reported,1,9.0,
2026-W31,ct-020,code_technical,0,linkup,ranked_results,10,1547,0.005,estimated,1,9.0,
2026-W31,bn-020,breaking_news,0,serper,ranked_results,9,806,0.0003,estimated,1,8.0,
2026-W31,bn-007,breaking_news,0,exa,ranked_results,10,1177,0.007,reported,1,10.0,
2026-W31,ct-020,code_technical,0,youcom,ranked_results,10,704,0.005,estimated,1,9.0,
2026-W31,gf-020,general_facts,0,exa,ranked_results,10,1669,0.007,reported,1,9.0,
2026-W31,mh-020,multi_hop,0,linkup,ranked_results,10,1989,0.005,estimated,1,3.0,
2026-W31,lt-021,long_tail,0,serper,ranked_results,10,923,0.0003,estimated,1,9.0,
2026-W31,bn-020,breaking_news,0,exa,ranked_results,10,1211,0.007,reported,1,8.0,
2026-W31,ls-020,local_shopping,0,perplexity,both,10,2778,0.00524,reported,1,8.0,
2026-W31,bn-007,breaking_news,0,linkup,ranked_results,10,1839,0.005,estimated,1,9.0,
2026-W31,mh-020,multi_hop,0,youcom,ranked_results,10,814,0.005,estimated,1,6.0,
2026-W31,gf-020,general_facts,0,linkup,ranked_results,10,1659,0.005,estimated,1,9.0,
2026-W31,lt-021,long_tail,0,exa,ranked_results,10,278,0.007,reported,1,9.0,
2026-W31,ls-021,local_shopping,0,serper,ranked_results,9,1052,0.0003,estimated,1,9.0,
2026-W31,bn-020,breaking_news,0,linkup,ranked_results,10,1235,0.005,estimated,1,7.0,
2026-W31,lt-020,long_tail,0,perplexity,both,10,8101,0.00553,reported,1,9.0,
2026-W31,ct-020,code_technical,0,perplexity,both,10,3447,0.0053,reported,1,10.0,
2026-W31,gf-020,general_facts,0,youcom,ranked_results,10,781,0.005,estimated,1,9.0,
2026-W31,ct-021,code_technical,0,serper,ranked_results,9,840,0.0003,estimated,1,8.0,
2026-W31,mh-020,multi_hop,0,perplexity,both,10,2478,0.00512,reported,1,9.0,
2026-W31,ls-021,local_shopping,0,exa,ranked_results,10,2292,0.007,reported,1,9.0,
2026-W31,bn-007,breaking_news,0,perplexity,both,10,4485,0.00512,reported,1,10.0,
2026-W31,bn-008,breaking_news,0,serper,ranked_results,8,1210,0.0003,estimated,1,9.0,
2026-W31,bn-020,breaking_news,0,youcom,ranked_results,10,880,0.005,estimated,1,8.0,
2026-W31,ct-021,code_technical,0,exa,ranked_results,10,276,0.007,reported,1,9.0,
2026-W31,lt-021,long_tail,0,linkup,ranked_results,10,3006,0.005,estimated,1,7.0,
2026-W31,mh-021,multi_hop,0,serper,ranked_results,9,836,0.0003,estimated,1,7.0,
2026-W31,bn-008,breaking_news,0,exa,ranked_results,10,281,0.007,reported,1,9.0,
2026-W31,lt-021,long_tail,0,youcom,ranked_results,10,1024,0.005,estimated,1,9.0,
2026-W31,gf-020,general_facts,0,perplexity,both,10,2707,0.00509,reported,1,9.0,
2026-W31,mh-021,multi_hop,0,exa,ranked_results,10,295,0.007,reported,1,10.0,
2026-W31,gf-021,general_facts,0,serper,ranked_results,9,1485,0.0003,estimated,1,9.0,
2026-W31,ls-021,local_shopping,0,linkup,ranked_results,10,3117,0.005,estimated,1,6.0,
2026-W31,ls-021,local_shopping,0,youcom,ranked_results,10,743,0.005,estimated,1,9.0,
2026-W31,bn-020,breaking_news,0,perplexity,both,10,3155,0.00522,reported,1,9.0,
2026-W31,ct-021,code_technical,0,linkup,ranked_results,10,2101,0.005,estimated,1,8.0,
2026-W31,bn-021,breaking_news,0,serper,ranked_results,10,947,0.0003,estimated,1,5.0,
2026-W31,gf-021,general_facts,0,exa,ranked_results,10,1725,0.007,reported,1,10.0,
2026-W31,ct-021,code_technical,0,youcom,ranked_results,10,870,0.005,estimated,1,9.0,
2026-W31,lt-021,long_tail,0,perplexity,both,10,5172,0.0055,reported,1,9.0,
2026-W31,lt-022,long_tail,0,serper,ranked_results,9,1005,0.0003,estimated,1,6.0,
2026-W31,bn-008,breaking_news,0,youcom,ranked_results,10,796,0.005,estimated,1,9.0,
2026-W31,ls-021,local_shopping,0,perplexity,both,10,3654,0.00537,reported,1,9.0,
2026-W31,bn-021,breaking_news,0,exa,ranked_results,10,277,0.007,reported,1,10.0,
2026-W31,mh-021,multi_hop,0,youcom,ranked_results,10,829,0.005,estimated,1,9.0,
2026-W31,gf-021,general_facts,0,linkup,ranked_results,10,1649,0.005,estimated,1,9.0,
2026-W31,bn-008,breaking_news,0,linkup,ranked_results,10,10548,0.005,estimated,1,5.0,
2026-W31,ls-022,local_shopping,0,serper,ranked_results,9,2098,0.0003,estimated,1,9.0,
2026-W31,bn-001,breaking_news,0,serper,ranked_results,10,860,0.0003,estimated,1,9.0,
2026-W31,lt-022,long_tail,0,exa,ranked_results,10,1247,0.007,reported,0,,
2026-W31,ct-021,code_technical,0,perplexity,both,10,5228,0.00545,reported,0,,
2026-W31,mh-021,multi_hop,0,linkup,ranked_results,10,11715,0.005,estimated,1,8.0,
2026-W31,gf-021,general_facts,0,youcom,ranked_results,10,921,0.005,estimated,1,10.0,
2026-W31,bn-008,breaking_news,0,perplexity,both,10,3323,0.00515,reported,1,10.0,
2026-W31,ct-022,code_technical,0,serper,ranked_results,9,1009,0.0003,estimated,1,9.0,
2026-W31,bn-021,breaking_news,0,linkup,ranked_results,10,3659,0.005,estimated,0,,
2026-W31,lt-022,long_tail,0,linkup,ranked_results,10,1358,0.005,estimated,1,5.0,
2026-W31,ls-022,local_shopping,0,exa,ranked_results,10,1478,0.007,reported,1,9.0,
2026-W31,bn-009,breaking_news,0,serper,ranked_results,10,1007,0.0003,estimated,1,10.0,
2026-W31,bn-021,breaking_news,0,youcom,ranked_results,10,873,0.005,estimated,1,9.0,
2026-W31,mh-021,multi_hop,0,perplexity,both,10,4245,0.00504,reported,1,2.0,
2026-W31,mh-022,multi_hop,0,serper,ranked_results,9,967,0.0003,estimated,1,9.0,
2026-W31,lt-022,long_tail,0,youcom,ranked_results,10,784,0.005,estimated,1,7.0,
2026-W31,ct-022,code_technical,0,exa,ranked_results,10,1279,0.007,reported,1,10.0,
2026-W31,ls-022,local_shopping,0,linkup,ranked_results,10,1729,0.005,estimated,1,5.0,
2026-W31,gf-021,general_facts,0,perplexity,both,10,2746,0.00508,reported,1,10.0,
2026-W31,gf-022,general_facts,0,serper,ranked_results,6,838,0.0003,estimated,1,10.0,
2026-W31,mh-022,multi_hop,0,exa,ranked_results,10,1430,0.007,reported,1,9.0,
2026-W31,bn-009,breaking_news,0,exa,ranked_results,10,2379,0.007,reported,1,10.0,
2026-W31,ct-022,code_technical,0,linkup,ranked_results,10,1537,0.005,estimated,1,8.0,
2026-W31,ls-022,local_shopping,0,youcom,ranked_results,10,884,0.005,estimated,1,9.0,
2026-W31,bn-022,breaking_news,0,serper,ranked_results,10,953,0.0003,estimated,1,9.0,
2026-W31,gf-022,general_facts,0,exa,ranked_results,10,294,0.007,reported,0,,
2026-W31,bn-021,breaking_news,0,perplexity,both,10,5096,0.00509,reported,1,9.0,
2026-W31,bn-009,breaking_news,0,linkup,ranked_results,10,2377,0.005,estimated,1,8.0,
2026-W31,ct-022,code_technical,0,youcom,ranked_results,10,746,0.005,estimated,1,10.0,
2026-W31,mh-022,multi_hop,0,linkup,ranked_results,10,1980,0.005,estimated,1,8.0,
2026-W31,lt-023,long_tail,0,serper,ranked_results,10,974,0.0003,estimated,1,9.0,
2026-W31,bn-009,breaking_news,0,youcom,ranked_results,10,765,0.005,estimated,1,9.0,
2026-W31,lt-022,long_tail,0,perplexity,both,10,5560,0.00552,reported,0,,
2026-W31,bn-022,breaking_news,0,exa,ranked_results,10,489,0.007,reported,1,10.0,
2026-W31,bn-001,breaking_news,0,exa,ranked_results,10,2008,0.007,reported,1,10.0,
2026-W31,mh-022,multi_hop,0,youcom,ranked_results,10,891,0.005,estimated,1,9.0,
2026-W31,gf-022,general_facts,0,linkup,ranked_results,10,1896,0.005,estimated,1,9.0,
2026-W31,lt-023,long_tail,0,exa,ranked_results,10,282,0.007,reported,0,,
2026-W31,ls-023,local_shopping,0,serper,ranked_results,10,987,0.0003,estimated,1,9.0,
2026-W31,ls-022,local_shopping,0,perplexity,both,10,5732,0.00545,reported,1,9.0,
2026-W31,bn-022,breaking_news,0,linkup,ranked_results,10,1587,0.005,estimated,1,5.0,
2026-W31,gf-022,general_facts,0,youcom,ranked_results,10,598,0.005,estimated,1,10.0,
2026-W31,bn-009,breaking_news,0,perplexity,both,10,2558,0.00511,reported,1,5.0,
2026-W31,ct-023,code_technical,0,serper,ranked_results,10,981,0.0003,estimated,1,10.0,
2026-W31,ct-022,code_technical,0,perplexity,both,10,4762,0.00553,reported,1,10.0,
2026-W31,mh-022,multi_hop,0,perplexity,both,10,2092,0.00507,reported,1,10.0,
2026-W31,lt-023,long_tail,0,linkup,ranked_results,10,1296,0.005,estimated,1,8.0,
2026-W31,ls-023,local_shopping,0,exa,ranked_results,10,1468,0.007,reported,1,9.0,
2026-W31,bn-001,breaking_news,0,linkup,ranked_results,10,1700,0.005,estimated,1,8.0,
2026-W31,bn-022,breaking_news,0,youcom,ranked_results,10,795,0.005,estimated,1,9.0,
2026-W31,bn-010,breaking_news,0,serper,ranked_results,7,1313,0.0003,estimated,1,9.0,
2026-W31,ct-023,code_technical,0,exa,ranked_results,10,278,0.007,reported,1,10.0,
2026-W31,lt-023,long_tail,0,youcom,ranked_results,10,808,0.005,estimated,1,7.0,
2026-W31,mh-023,multi_hop,0,serper,ranked_results,9,1768,0.0003,estimated,1,7.0,
2026-W31,gf-022,general_facts,0,perplexity,both,10,2732,0.00507,reported,1,10.0,
2026-W31,ls-023,local_shopping,0,linkup,ranked_results,10,1802,0.005,estimated,1,8.0,
2026-W31,bn-010,breaking_news,0,exa,ranked_results,10,1272,0.007,reported,1,10.0,
2026-W31,gf-023,general_facts,0,serper,ranked_results,10,1099,0.0003,estimated,1,10.0,
2026-W31,mh-023,multi_hop,0,exa,ranked_results,10,1595,0.007,reported,1,10.0,
2026-W31,ct-023,code_technical,0,linkup,ranked_results,10,1296,0.005,estimated,1,9.0,
2026-W31,bn-022,breaking_news,0,perplexity,both,10,2057,0.00508,reported,1,9.0,
2026-W31,ls-023,local_shopping,0,youcom,ranked_results,10,787,0.005,estimated,1,9.0,
2026-W31,bn-023,breaking_news,0,serper,ranked_results,9,829,0.0003,estimated,1,10.0,
2026-W31,bn-010,breaking_news,0,linkup,ranked_results,10,1145,0.005,estimated,1,10.0,
2026-W31,gf-023,general_facts,0,exa,ranked_results,10,1176,0.007,reported,1,10.0,
2026-W31,ct-023,code_technical,0,youcom,ranked_results,10,756,0.005,estimated,1,10.0,
2026-W31,mh-023,multi_hop,0,linkup,ranked_results,10,1735,0.005,estimated,1,9.0,
2026-W31,lt-024,long_tail,0,serper,ranked_results,9,914,0.0003,estimated,1,6.0,
2026-W31,bn-010,breaking_news,0,youcom,ranked_results,10,744,0.005,estimated,1,9.0,
2026-W31,bn-023,breaking_news,0,exa,ranked_results,10,1571,0.007,reported,1,10.0,
2026-W31,lt-023,long_tail,0,perplexity,both,10,5353,0.00538,reported,1,9.0,
2026-W31,gf-023,general_facts,0,linkup,ranked_results,10,2007,0.005,estimated,1,10.0,
2026-W31,mh-023,multi_hop,0,youcom,ranked_results,10,1134,0.005,estimated,1,7.0,
2026-W31,ls-023,local_shopping,0,perplexity,both,10,4952,0.00542,reported,1,8.0,
2026-W31,ls-024,local_shopping,0,serper,ranked_results,10,1216,0.0003,estimated,1,8.0,
2026-W31,lt-024,long_tail,0,exa,ranked_results,10,1240,0.007,reported,1,8.0,
2026-W31,gf-023,general_facts,0,youcom,ranked_results,10,743,0.005,estimated,1,10.0,
2026-W31,bn-023,breaking_news,0,linkup,ranked_results,10,1516,0.005,estimated,1,9.0,
2026-W31,ct-023,code_technical,0,perplexity,both,10,3145,0.00523,reported,1,10.0,
2026-W31,ls-024,local_shopping,0,exa,ranked_results,10,280,0.007,reported,1,9.0,
2026-W31,ct-024,code_technical,0,serper,ranked_results,10,825,0.0003,estimated,1,6.0,
2026-W31,bn-010,breaking_news,0,perplexity,both,10,3030,0.00511,reported,1,10.0,
2026-W31,bn-023,breaking_news,0,youcom,ranked_results,10,755,0.005,estimated,1,9.0,
2026-W31,bn-011,breaking_news,0,serper,ranked_results,9,1200,0.0003,estimated,1,8.0,
2026-W31,lt-024,long_tail,0,linkup,ranked_results,10,1454,0.005,estimated,1,7.0,
2026-W31,mh-023,multi_hop,0,perplexity,both,10,3374,0.0051,reported,1,10.0,
2026-W31,mh-024,multi_hop,0,serper,ranked_results,10,918,0.0003,estimated,1,9.0,
2026-W31,ct-024,code_technical,0,exa,ranked_results,10,1181,0.007,reported,1,9.0,
2026-W31,lt-024,long_tail,0,youcom,ranked_results,10,995,0.005,estimated,1,6.0,
2026-W31,gf-023,general_facts,0,perplexity,both,10,2394,0.00504,reported,1,10.0,
2026-W31,ls-024,local_shopping,0,linkup,ranked_results,10,1951,0.005,estimated,1,9.0,
2026-W31,bn-011,breaking_news,0,exa,ranked_results,10,1546,0.007,reported,1,10.0,
2026-W31,gf-024,general_facts,0,serper,ranked_results,8,1276,0.0003,estimated,1,9.0,
2026-W31,bn-023,breaking_news,0,perplexity,both,10,1992,0.00507,reported,1,9.0,
2026-W31,ct-024,code_technical,0,linkup,ranked_results,10,1400,0.005,estimated,1,9.0,
2026-W31,mh-024,multi_hop,0,exa,ranked_results,10,1698,0.007,reported,1,10.0,
2026-W31,ls-024,local_shopping,0,youcom,ranked_results,10,879,0.005,estimated,1,8.0,
2026-W31,gf-024,general_facts,0,exa,ranked_results,10,279,0.007,reported,1,10.0,
2026-W31,bn-024,breaking_news,0,serper,ranked_results,10,944,0.0003,estimated,1,9.0,
2026-W31,bn-011,breaking_news,0,linkup,ranked_results,10,1192,0.005,estimated,1,10.0,
2026-W31,ct-024,code_technical,0,youcom,ranked_results,10,885,0.005,estimated,1,9.0,
2026-W31,mh-024,multi_hop,0,linkup,ranked_results,10,1705,0.005,estimated,1,10.0,
2026-W31,bn-011,breaking_news,0,youcom,ranked_results,10,896,0.005,estimated,1,3.0,
2026-W31,lt-025,long_tail,0,serper,ranked_results,9,1246,0.0003,estimated,1,6.0,
2026-W31,bn-024,breaking_news,0,exa,ranked_results,10,284,0.007,reported,1,9.0,
2026-W31,mh-024,multi_hop,0,youcom,ranked_results,10,908,0.005,estimated,1,10.0,
2026-W31,ls-024,local_shopping,0,perplexity,both,10,3294,0.00528,reported,1,9.0,
2026-W31,gf-024,general_facts,0,linkup,ranked_results,10,1413,0.005,estimated,1,9.0,
2026-W31,lt-024,long_tail,0,perplexity,both,10,5183,0.00541,reported,1,9.0,
2026-W31,lt-025,long_tail,0,exa,ranked_results,10,284,0.007,reported,1,9.0,
2026-W31,ls-025,local_shopping,0,serper,ranked_results,8,1222,0.0003,estimated,1,7.0,
2026-W31,bn-024,breaking_news,0,linkup,ranked_results,10,1281,0.005,estimated,1,8.0,
2026-W31,gf-024,general_facts,0,youcom,ranked_results,10,767,0.005,estimated,1,9.0,
2026-W31,ct-025,code_technical,0,serper,ranked_results,10,972,0.0003,estimated,1,8.0,
2026-W31,ls-025,local_shopping,0,exa,ranked_results,10,275,0.007,reported,0,,
2026-W31,bn-011,breaking_news,0,perplexity,both,10,2977,0.0051,reported,1,8.0,
2026-W31,bn-024,breaking_news,0,youcom,ranked_results,10,728,0.005,estimated,1,9.0,
2026-W31,ct-024,code_technical,0,perplexity,both,10,4539,0.00545,reported,1,9.0,
2026-W31,mh-024,multi_hop,0,perplexity,both,10,2729,0.00506,reported,1,10.0,
2026-W31,lt-025,long_tail,0,linkup,ranked_results,10,1470,0.005,estimated,1,6.0,
2026-W31,mh-025,multi_hop,0,serper,ranked_results,10,1158,0.0003,estimated,1,3.0,
2026-W31,ct-025,code_technical,0,exa,ranked_results,10,1205,0.007,reported,1,9.0,
2026-W31,ls-025,local_shopping,0,linkup,ranked_results,10,1395,0.005,estimated,1,8.0,
2026-W31,gf-024,general_facts,0,perplexity,both,10,2215,0.00511,reported,1,10.0,
2026-W31,lt-025,long_tail,0,youcom,ranked_results,10,998,0.005,estimated,1,7.0,
2026-W31,gf-025,general_facts,0,serper,ranked_results,9,935,0.0003,estimated,1,9.0,
2026-W31,ls-025,local_shopping,0,youcom,ranked_results,10,770,0.005,estimated,1,8.0,
2026-W31,mh-025,multi_hop,0,exa,ranked_results,10,1468,0.007,reported,1,10.0,
2026-W31,ct-025,code_technical,0,linkup,ranked_results,10,1474,0.005,estimated,1,8.0,
2026-W31,bn-025,breaking_news,0,serper,ranked_results,9,987,0.0003,estimated,1,8.0,
2026-W31,bn-024,breaking_news,0,perplexity,both,10,3326,0.00517,reported,1,8.0,
2026-W31,gf-025,general_facts,0,exa,ranked_results,10,1603,0.007,reported,1,10.0,
2026-W31,ct-025,code_technical,0,youcom,ranked_results,10,919,0.005,estimated,1,9.0,
2026-W31,bn-025,breaking_news,0,exa,ranked_results,10,298,0.007,reported,1,8.0,
2026-W31,mh-025,multi_hop,0,linkup,ranked_results,10,1774,0.005,estimated,1,9.0,
2026-W31,mh-025,multi_hop,0,youcom,ranked_results,10,737,0.005,estimated,1,9.0,
2026-W31,gf-025,general_facts,0,linkup,ranked_results,10,1427,0.005,estimated,1,10.0,
2026-W31,lt-001,long_tail,0,serper,ranked_results,9,1602,0.0003,estimated,1,6.0,
2026-W31,ls-025,local_shopping,0,perplexity,both,10,3870,0.00535,reported,1,8.0,
2026-W31,gf-025,general_facts,0,youcom,ranked_results,10,973,0.005,estimated,1,9.0,
2026-W31,ct-025,code_technical,0,perplexity,both,10,3140,0.00528,reported,0,,
2026-W31,bn-025,breaking_news,0,linkup,ranked_results,10,1442,0.005,estimated,1,4.0,
2026-W31,ls-001,local_shopping,0,serper,ranked_results,9,1283,0.0003,estimated,1,9.0,
2026-W31,mh-025,multi_hop,0,perplexity,both,10,1931,0.00509,reported,1,9.0,
2026-W31,lt-001,long_tail,0,exa,ranked_results,10,1823,0.007,reported,1,9.0,
2026-W31,bn-025,breaking_news,0,youcom,ranked_results,10,866,0.005,estimated,1,6.0,
2026-W31,ls-001,local_shopping,0,exa,ranked_results,10,293,0.007,reported,1,9.0,
2026-W31,ct-001,code_technical,0,serper,ranked_results,10,1055,0.0003,estimated,1,9.0,
2026-W31,lt-001,long_tail,0,linkup,ranked_results,10,1312,0.005,estimated,1,8.0,
2026-W31,gf-025,general_facts,0,perplexity,both,10,2491,0.00509,reported,1,10.0,
2026-W31,ct-001,code_technical,0,exa,ranked_results,10,279,0.007,reported,1,9.0,
2026-W31,mh-001,multi_hop,0,serper,ranked_results,9,1149,0.0003,estimated,1,5.0,
2026-W31,lt-025,long_tail,0,perplexity,both,10,11987,0.00551,reported,1,7.0,
2026-W31,lt-001,long_tail,0,youcom,ranked_results,10,924,0.005,estimated,1,7.0,
2026-W31,bn-025,breaking_news,0,perplexity,both,10,2988,0.00511,reported,1,8.0,
2026-W31,ls-001,local_shopping,0,linkup,ranked_results,10,1728,0.005,estimated,1,9.0,
2026-W31,gf-001,general_facts,0,serper,ranked_results,8,1237,0.0003,estimated,1,10.0,
2026-W31,mh-001,multi_hop,0,exa,ranked_results,10,1351,0.007,reported,1,6.0,
2026-W31,ls-001,local_shopping,0,youcom,ranked_results,10,768,0.005,estimated,1,9.0,
2026-W31,gf-001,general_facts,0,exa,ranked_results,10,277,0.007,reported,1,10.0,
2026-W31,ct-001,code_technical,0,linkup,ranked_results,10,1486,0.005,estimated,1,9.0,
2026-W31,ct-001,code_technical,0,youcom,ranked_results,10,861,0.005,estimated,1,9.0,
2026-W31,mh-001,multi_hop,0,linkup,ranked_results,10,1654,0.005,estimated,1,5.0,
2026-W31,lt-002,long_tail,0,serper,ranked_results,9,1168,0.0003,estimated,1,7.0,
2026-W31,gf-001,general_facts,0,linkup,ranked_results,10,1492,0.005,estimated,1,9.0,
2026-W31,mh-001,multi_hop,0,youcom,ranked_results,10,979,0.005,estimated,1,2.0,
2026-W31,lt-001,long_tail,0,perplexity,both,10,4673,0.00549,reported,1,7.0,
2026-W31,ls-002,local_shopping,0,serper,ranked_results,10,1108,0.0003,estimated,1,8.0,
2026-W31,ls-001,local_shopping,0,perplexity,both,10,4366,0.00531,reported,1,9.0,
2026-W31,gf-001,general_facts,0,youcom,ranked_results,10,772,0.005,estimated,1,10.0,
2026-W31,lt-002,long_tail,0,exa,ranked_results,10,1784,0.007,reported,1,9.0,
2026-W31,ls-002,local_shopping,0,exa,ranked_results,10,277,0.007,reported,1,9.0,
2026-W31,mh-001,multi_hop,0,perplexity,both,10,2636,0.00506,reported,1,10.0,
2026-W31,lt-002,long_tail,0,linkup,ranked_results,10,2268,0.005,estimated,1,8.0,
2026-W31,ct-002,code_technical,0,serper,ranked_results,9,3223,0.0003,estimated,1,9.0,
2026-W31,ct-001,code_technical,0,perplexity,both,10,5464,0.00539,reported,1,9.0,
2026-W31,ct-002,code_technical,0,exa,ranked_results,10,278,0.007,reported,1,10.0,
2026-W31,lt-002,long_tail,0,youcom,ranked_results,10,909,0.005,estimated,1,8.0,
2026-W31,mh-002,multi_hop,0,serper,ranked_results,9,1217,0.0003,estimated,1,8.0,
2026-W31,gf-001,general_facts,0,perplexity,both,10,2492,0.00504,reported,1,10.0,
2026-W31,ls-002,local_shopping,0,linkup,ranked_results,10,1279,0.005,estimated,1,8.0,
2026-W31,ls-002,local_shopping,0,youcom,ranked_results,10,741,0.005,estimated,1,9.0,
2026-W31,mh-002,multi_hop,0,exa,ranked_results,10,1192,0.007,reported,1,9.0,
2026-W31,gf-002,general_facts,0,serper,ranked_results,10,1228,0.0003,estimated,1,10.0,
2026-W31,gf-002,general_facts,0,exa,ranked_results,10,274,0.007,reported,1,10.0,
2026-W31,ct-002,code_technical,0,youcom,ranked_results,10,848,0.005,estimated,1,9.0,
2026-W31,ct-002,code_technical,0,linkup,ranked_results,10,2150,0.005,estimated,1,9.0,
2026-W31,lt-003,long_tail,0,serper,ranked_results,10,1149,0.0003,estimated,1,8.0,
2026-W31,mh-002,multi_hop,0,linkup,ranked_results,10,2620,0.005,estimated,1,8.0,
2026-W31,gf-002,general_facts,0,linkup,ranked_results,10,1168,0.005,estimated,1,9.0,
2026-W31,mh-002,multi_hop,0,youcom,ranked_results,10,1013,0.005,estimated,1,2.0,
2026-W31,lt-002,long_tail,0,perplexity,both,10,4524,0.00538,reported,1,9.0,
2026-W31,ls-002,local_shopping,0,perplexity,both,10,3967,0.00539,reported,1,8.0,
2026-W31,ls-003,local_shopping,0,serper,ranked_results,9,2099,0.0003,estimated,1,8.0,
2026-W31,gf-002,general_facts,0,youcom,ranked_results,10,770,0.005,estimated,1,10.0,
2026-W31,lt-003,long_tail,0,exa,ranked_results,10,1661,0.007,reported,1,9.0,
2026-W31,ls-003,local_shopping,0,exa,ranked_results,10,284,0.007,reported,1,8.0,
2026-W31,ct-003,code_technical,0,serper,ranked_results,10,807,0.0003,estimated,1,9.0,
2026-W31,ct-002,code_technical,0,perplexity,both,10,3317,0.00527,reported,1,9.0,
2026-W31,lt-003,long_tail,0,linkup,ranked_results,10,1502,0.005,estimated,1,8.0,
2026-W31,mh-003,multi_hop,0,serper,ranked_results,8,1054,0.0003,estimated,1,8.0,
2026-W31,mh-002,multi_hop,0,perplexity,both,10,2894,0.00507,reported,1,9.0,
2026-W31,ls-003,local_shopping,0,linkup,ranked_results,10,1260,0.005,estimated,1,7.0,
2026-W31,gf-002,general_facts,0,perplexity,both,10,2584,0.00513,reported,1,9.0,
2026-W31,lt-003,long_tail,0,youcom,ranked_results,10,920,0.005,estimated,1,8.0,
2026-W31,ct-003,code_technical,0,exa,ranked_results,10,1975,0.007,reported,1,9.0,
2026-W31,gf-003,general_facts,0,serper,ranked_results,8,935,0.0003,estimated,1,10.0,
2026-W31,ls-003,local_shopping,0,youcom,ranked_results,10,776,0.005,estimated,1,8.0,
2026-W31,mh-003,multi_hop,0,exa,ranked_results,10,1465,0.007,reported,1,10.0,
2026-W31,gf-003,general_facts,0,exa,ranked_results,10,295,0.007,reported,1,10.0,
2026-W31,ct-003,code_technical,0,linkup,ranked_results,10,1752,0.005,estimated,1,9.0,
2026-W31,ct-003,code_technical,0,youcom,ranked_results,10,686,0.005,estimated,1,7.0,
2026-W31,lt-004,long_tail,0,serper,ranked_results,9,1249,0.0003,estimated,1,8.0,
2026-W31,mh-003,multi_hop,0,linkup,ranked_results,10,2825,0.005,estimated,1,8.0,
2026-W31,gf-003,general_facts,0,linkup,ranked_results,10,1516,0.005,estimated,1,9.0,
2026-W31,lt-003,long_tail,0,perplexity,both,10,4230,0.00544,reported,1,9.0,
2026-W31,mh-003,multi_hop,0,youcom,ranked_results,10,1028,0.005,estimated,1,8.0,
2026-W31,ls-003,local_shopping,0,perplexity,both,10,4776,0.00533,reported,1,9.0,
2026-W31,ls-004,local_shopping,0,serper,ranked_results,10,1780,0.0003,estimated,1,8.0,
2026-W31,lt-004,long_tail,0,exa,ranked_results,10,1719,0.007,reported,1,9.0,
2026-W31,gf-003,general_facts,0,youcom,ranked_results,10,912,0.005,estimated,1,9.0,
2026-W31,ct-004,code_technical,0,serper,ranked_results,9,997,0.0003,estimated,1,7.0,
2026-W31,ls-004,local_shopping,0,exa,ranked_results,10,1318,0.007,reported,1,9.0,
2026-W31,ct-003,code_technical,0,perplexity,both,10,4125,0.00545,reported,1,9.0,
2026-W31,lt-004,long_tail,0,linkup,ranked_results,10,1467,0.005,estimated,1,7.0,
2026-W31,mh-003,multi_hop,0,perplexity,both,10,2640,0.00506,reported,1,9.0,
2026-W31,mh-004,multi_hop,0,serper,ranked_results,10,1460,0.0003,estimated,1,7.0,
2026-W31,ct-004,code_technical,0,exa,ranked_results,10,1197,0.007,reported,1,9.0,
2026-W31,ls-004,local_shopping,0,linkup,ranked_results,10,1427,0.005,estimated,1,8.0,
2026-W31,gf-003,general_facts,0,perplexity,both,10,2169,0.00503,reported,1,10.0,
2026-W31,lt-004,long_tail,0,youcom,ranked_results,10,775,0.005,estimated,1,8.0,
2026-W31,gf-004,general_facts,0,serper,ranked_results,9,937,0.0003,estimated,1,10.0,
2026-W31,mh-004,multi_hop,0,exa,ranked_results,10,1409,0.007,reported,1,10.0,
2026-W31,ls-004,local_shopping,0,youcom,ranked_results,10,965,0.005,estimated,1,8.0,
2026-W31,ct-004,code_technical,0,linkup,ranked_results,10,1376,0.005,estimated,1,5.0,
2026-W31,gf-004,general_facts,0,exa,ranked_results,10,1041,0.007,reported,1,10.0,
2026-W31,ct-004,code_technical,0,youcom,ranked_results,10,807,0.005,estimated,1,6.0,
2026-W31,mh-004,multi_hop,0,linkup,ranked_results,10,1627,0.005,estimated,1,6.0,
2026-W31,lt-005,long_tail,0,serper,ranked_results,10,769,0.0003,estimated,1,7.0,
2026-W31,mh-004,multi_hop,0,youcom,ranked_results,10,1037,0.005,estimated,1,6.0,
2026-W31,gf-004,general_facts,0,linkup,ranked_results,10,1456,0.005,estimated,1,9.0,
2026-W31,lt-004,long_tail,0,perplexity,both,10,5364,0.00553,reported,1,9.0,
2026-W31,ls-004,local_shopping,0,perplexity,both,10,3944,0.00532,reported,1,8.0,
2026-W31,ls-005,local_shopping,0,serper,ranked_results,10,2230,0.0003,estimated,0,,
2026-W31,gf-004,general_facts,0,youcom,ranked_results,10,906,0.005,estimated,1,10.0,
2026-W31,lt-005,long_tail,0,exa,ranked_results,10,1278,0.007,reported,1,8.0,
2026-W31,ct-004,code_technical,0,perplexity,both,10,3283,0.00525,reported,1,8.0,
2026-W31,ct-005,code_technical,0,serper,ranked_results,9,958,0.0003,estimated,1,9.0,
2026-W31,ls-005,local_shopping,0,exa,ranked_results,10,1524,0.007,reported,1,9.0,
2026-W31,lt-005,long_tail,0,linkup,ranked_results,10,1323,0.005,estimated,1,7.0,
2026-W31,mh-004,multi_hop,0,perplexity,both,10,2364,0.00508,reported,1,9.0,
2026-W31,ct-005,code_technical,0,exa,ranked_results,10,279,0.007,reported,0,,
2026-W31,lt-005,long_tail,0,youcom,ranked_results,10,969,0.005,estimated,1,8.0,
2026-W31,mh-005,multi_hop,0,serper,ranked_results,9,1314,0.0003,estimated,1,6.0,
2026-W31,mh-005,multi_hop,0,exa,ranked_results,10,276,0.007,reported,1,6.0,
2026-W31,gf-004,general_facts,0,perplexity,both,10,2274,0.00507,reported,1,10.0,
2026-W31,ls-005,local_shopping,0,linkup,ranked_results,10,1550,0.005,estimated,0,,
2026-W31,gf-005,general_facts,0,serper,ranked_results,8,1224,0.0003,estimated,1,10.0,
2026-W31,ls-005,local_shopping,0,youcom,ranked_results,10,888,0.005,estimated,1,9.0,
2026-W31,ct-005,code_technical,0,linkup,ranked_results,10,1592,0.005,estimated,1,9.0,
2026-W31,gf-005,general_facts,0,exa,ranked_results,10,1241,0.007,reported,1,10.0,
2026-W31,mh-005,multi_hop,0,linkup,ranked_results,10,1221,0.005,estimated,1,5.0,
2026-W31,ct-005,code_technical,0,youcom,ranked_results,10,733,0.005,estimated,1,9.0,
2026-W31,lt-006,long_tail,0,serper,ranked_results,10,888,0.0003,estimated,1,4.0,
2026-W31,mh-005,multi_hop,0,youcom,ranked_results,10,963,0.005,estimated,1,8.0,
2026-W31,gf-005,general_facts,0,linkup,ranked_results,10,2060,0.005,estimated,0,,
2026-W31,lt-005,long_tail,0,perplexity,both,10,4408,0.00543,reported,1,8.0,
2026-W31,ls-006,local_shopping,0,serper,ranked_results,10,1157,0.0003,estimated,1,9.0,
2026-W31,ls-005,local_shopping,0,perplexity,both,10,3707,0.00528,reported,1,8.0,
2026-W31,lt-006,long_tail,0,exa,ranked_results,10,1270,0.007,reported,1,9.0,
2026-W31,gf-005,general_facts,0,youcom,ranked_results,10,1002,0.005,estimated,1,10.0,
2026-W31,ct-005,code_technical,0,perplexity,both,10,3119,0.00525,reported,1,10.0,
2026-W31,ct-006,code_technical,0,serper,ranked_results,9,1591,0.0003,estimated,1,8.0,
2026-W31,ls-006,local_shopping,0,exa,ranked_results,10,1091,0.007,reported,1,9.0,
2026-W31,mh-006,multi_hop,0,serper,ranked_results,10,776,0.0003,estimated,1,9.0,
2026-W31,mh-005,multi_hop,0,perplexity,both,10,2814,0.00508,reported,1,10.0,
2026-W31,lt-006,long_tail,0,linkup,ranked_results,10,1708,0.005,estimated,0,,
2026-W31,lt-006,long_tail,0,youcom,ranked_results,10,787,0.005,estimated,1,5.0,
2026-W31,ct-006,code_technical,0,exa,ranked_results,10,1329,0.007,reported,1,9.0,
2026-W31,gf-005,general_facts,0,perplexity,both,10,2761,0.00503,reported,1,10.0,
2026-W31,ls-006,local_shopping,0,linkup,ranked_results,10,1616,0.005,estimated,1,8.0,
2026-W31,gf-006,general_facts,0,serper,ranked_results,9,851,0.0003,estimated,1,9.0,
2026-W31,ls-006,local_shopping,0,youcom,ranked_results,10,763,0.005,estimated,1,9.0,
2026-W31,mh-006,multi_hop,0,exa,ranked_results,10,1366,0.007,reported,1,9.0,
2026-W31,ct-006,code_technical,0,linkup,ranked_results,10,2054,0.005,estimated,1,9.0,
2026-W31,mh-006,multi_hop,0,linkup,ranked_results,10,1271,0.005,estimated,1,9.0,
2026-W31,gf-006,general_facts,0,exa,ranked_results,10,1459,0.007,reported,1,9.0,
2026-W31,ct-006,code_technical,0,youcom,ranked_results,10,878,0.005,estimated,1,7.0,
2026-W31,lt-007,long_tail,0,serper,ranked_results,9,901,0.0003,estimated,1,5.0,
2026-W31,mh-006,multi_hop,0,youcom,ranked_results,10,1133,0.005,estimated,1,8.0,
2026-W31,gf-006,general_facts,0,linkup,ranked_results,10,1377,0.005,estimated,1,9.0,
2026-W31,ls-006,local_shopping,0,perplexity,both,10,3214,0.00534,reported,1,9.0,
2026-W31,lt-006,long_tail,0,perplexity,both,10,5501,0.00546,reported,1,6.0,
2026-W31,ls-007,local_shopping,0,serper,ranked_results,9,1516,0.0003,estimated,1,7.0,
2026-W31,gf-006,general_facts,0,youcom,ranked_results,10,734,0.005,estimated,1,9.0,
2026-W31,lt-007,long_tail,0,exa,ranked_results,10,1358,0.007,reported,1,8.0,
2026-W31,ct-007,code_technical,0,serper,ranked_results,9,871,0.0003,estimated,1,7.0,
2026-W31,ls-007,local_shopping,0,exa,ranked_results,10,1477,0.007,reported,1,8.0,
2026-W31,mh-006,multi_hop,0,perplexity,both,10,2457,0.00508,reported,1,8.0,
2026-W31,ct-006,code_technical,0,perplexity,both,10,4702,0.00533,reported,1,9.0,
2026-W31,lt-007,long_tail,0,linkup,ranked_results,10,1697,0.005,estimated,1,6.0,
2026-W31,mh-007,multi_hop,0,serper,ranked_results,10,875,0.0003,estimated,1,10.0,
2026-W31,lt-007,long_tail,0,youcom,ranked_results,10,918,0.005,estimated,1,3.0,
2026-W31,gf-006,general_facts,0,perplexity,both,10,2278,0.00509,reported,1,10.0,
2026-W31,ct-007,code_technical,0,exa,ranked_results,10,1512,0.007,reported,1,8.0,
2026-W31,ls-007,local_shopping,0,linkup,ranked_results,10,1673,0.005,estimated,1,8.0,
2026-W31,gf-007,general_facts,0,serper,ranked_results,9,990,0.0003,estimated,1,10.0,
2026-W31,ls-007,local_shopping,0,youcom,ranked_results,10,724,0.005,estimated,1,8.0,
2026-W31,mh-007,multi_hop,0,exa,ranked_results,10,1542,0.007,reported,1,9.0,
2026-W31,ct-007,code_technical,0,linkup,ranked_results,10,1611,0.005,estimated,1,7.0,
2026-W31,gf-007,general_facts,0,exa,ranked_results,10,1363,0.007,reported,1,10.0,
2026-W31,ct-007,code_technical,0,youcom,ranked_results,10,894,0.005,estimated,1,9.0,
2026-W31,mh-007,multi_hop,0,linkup,ranked_results,10,1284,0.005,estimated,1,3.0,
2026-W31,lt-008,long_tail,0,serper,ranked_results,10,831,0.0003,estimated,1,7.0,
2026-W31,gf-007,general_facts,0,linkup,ranked_results,10,1200,0.005,estimated,1,9.0,
2026-W31,mh-007,multi_hop,0,youcom,ranked_results,10,818,0.005,estimated,1,1.0,
2026-W31,ls-007,local_shopping,0,perplexity,both,10,3314,0.0052,reported,1,8.0,
2026-W31,ls-008,local_shopping,0,serper,ranked_results,5,1482,0.0003,estimated,1,4.0,
2026-W31,lt-007,long_tail,0,perplexity,both,10,5153,0.00536,reported,1,8.0,
2026-W31,gf-007,general_facts,0,youcom,ranked_results,10,812,0.005,estimated,1,10.0,
2026-W31,lt-008,long_tail,0,exa,ranked_results,10,1289,0.007,reported,1,9.0,
2026-W31,ct-008,code_technical,0,serper,ranked_results,9,1666,0.0003,estimated,1,9.0,
2026-W31,mh-007,multi_hop,0,perplexity,both,10,2570,0.00507,reported,1,10.0,
2026-W31,ct-007,code_technical,0,perplexity,both,10,4338,0.00547,reported,1,9.0,
2026-W31,ls-008,local_shopping,0,exa,ranked_results,10,1689,0.007,reported,1,6.0,
2026-W31,mh-008,multi_hop,0,serper,ranked_results,10,852,0.0003,estimated,1,9.0,
2026-W31,lt-008,long_tail,0,linkup,ranked_results,10,1385,0.005,estimated,1,7.0,
2026-W31,ct-008,code_technical,0,exa,ranked_results,10,1650,0.007,reported,1,9.0,
2026-W31,lt-008,long_tail,0,youcom,ranked_results,10,919,0.005,estimated,1,8.0,
2026-W31,gf-007,general_facts,0,perplexity,both,10,2316,0.00503,reported,1,10.0,
2026-W31,ls-008,local_shopping,0,linkup,ranked_results,10,2569,0.005,estimated,1,6.0,
2026-W31,gf-008,general_facts,0,serper,ranked_results,9,1604,0.0003,estimated,1,9.0,
2026-W31,ct-008,code_technical,0,linkup,ranked_results,10,1506,0.005,estimated,1,8.0,
2026-W31,mh-008,multi_hop,0,exa,ranked_results,10,1907,0.007,reported,1,10.0,
2026-W31,ls-008,local_shopping,0,youcom,ranked_results,10,703,0.005,estimated,1,4.0,
2026-W31,ct-008,code_technical,0,youcom,ranked_results,10,760,0.005,estimated,1,9.0,
2026-W31,gf-008,general_facts,0,exa,ranked_results,10,1338,0.007,reported,1,9.0,
2026-W31,mh-008,multi_hop,0,linkup,ranked_results,10,2020,0.005,estimated,1,8.0,
2026-W31,lt-009,long_tail,0,serper,ranked_results,10,968,0.0003,estimated,1,8.0,
2026-W31,mh-008,multi_hop,0,youcom,ranked_results,10,777,0.005,estimated,1,7.0,
2026-W31,gf-008,general_facts,0,linkup,ranked_results,10,1113,0.005,estimated,1,9.0,
2026-W31,lt-008,long_tail,0,perplexity,both,10,4620,0.00553,reported,1,7.0,
2026-W31,ls-009,local_shopping,0,serper,ranked_results,10,1569,0.0003,estimated,1,8.0,
2026-W31,gf-008,general_facts,0,youcom,ranked_results,10,962,0.005,estimated,1,9.0,
2026-W31,ct-008,code_technical,0,perplexity,both,10,2942,0.00531,reported,1,10.0,
2026-W31,ct-009,code_technical,0,serper,ranked_results,10,1013,0.0003,estimated,1,9.0,
2026-W31,ls-008,local_shopping,0,perplexity,both,10,5998,0.00536,reported,1,5.0,
2026-W31,lt-009,long_tail,0,exa,ranked_results,10,2872,0.007,reported,1,9.0,
2026-W31,mh-008,multi_hop,0,perplexity,both,10,1883,0.00507,reported,1,9.0,
2026-W31,lt-009,long_tail,0,linkup,ranked_results,10,1424,0.005,estimated,1,8.0,
2026-W31,mh-009,multi_hop,0,serper,ranked_results,9,956,0.0003,estimated,1,2.0,
2026-W31,ls-009,local_shopping,0,exa,ranked_results,10,1872,0.007,reported,1,9.0,
2026-W31,lt-009,long_tail,0,youcom,ranked_results,10,767,0.005,estimated,1,8.0,
2026-W31,ct-009,code_technical,0,exa,ranked_results,10,1242,0.007,reported,0,,
2026-W31,gf-008,general_facts,0,perplexity,both,10,2732,0.00507,reported,1,9.0,
2026-W31,ls-009,local_shopping,0,linkup,ranked_results,10,1631,0.005,estimated,0,,
2026-W31,gf-009,general_facts,0,serper,ranked_results,9,1495,0.0003,estimated,1,10.0,
2026-W31,ls-009,local_shopping,0,youcom,ranked_results,10,920,0.005,estimated,1,8.0,
2026-W31,mh-009,multi_hop,0,exa,ranked_results,10,1538,0.007,reported,1,10.0,
2026-W31,ct-009,code_technical,0,linkup,ranked_results,10,1971,0.005,estimated,1,9.0,
2026-W31,gf-009,general_facts,0,exa,ranked_results,10,1222,0.007,reported,1,10.0,
2026-W31,ct-009,code_technical,0,youcom,ranked_results,10,874,0.005,estimated,1,9.0,
2026-W31,mh-009,multi_hop,0,linkup,ranked_results,10,1631,0.005,estimated,0,,
2026-W31,lt-010,long_tail,0,serper,ranked_results,9,1266,0.0003,estimated,1,6.0,
2026-W31,gf-009,general_facts,0,linkup,ranked_results,10,1401,0.005,estimated,1,9.0,
2026-W31,mh-009,multi_hop,0,youcom,ranked_results,10,1077,0.005,estimated,1,9.0,
2026-W31,ls-009,local_shopping,0,perplexity,both,10,3964,0.00546,reported,1,8.0,
2026-W31,ls-010,local_shopping,0,serper,ranked_results,9,1745,0.0003,estimated,1,8.0,
2026-W31,lt-009,long_tail,0,perplexity,both,10,6306,0.00553,reported,1,8.0,
2026-W31,gf-009,general_facts,0,youcom,ranked_results,10,724,0.005,estimated,1,10.0,
2026-W31,ct-009,code_technical,0,perplexity,both,10,3631,0.0053,reported,1,9.0,
2026-W31,lt-010,long_tail,0,exa,ranked_results,10,1484,0.007,reported,1,7.0,
2026-W31,ct-010,code_technical,0,serper,ranked_results,9,1049,0.0003,estimated,1,7.0,
2026-W31,ls-010,local_shopping,0,exa,ranked_results,10,1553,0.007,reported,1,8.0,
2026-W31,mh-010,multi_hop,0,serper,ranked_results,9,940,0.0003,estimated,1,9.0,
2026-W31,lt-010,long_tail,0,linkup,ranked_results,10,2011,0.005,estimated,1,7.0,
2026-W31,mh-009,multi_hop,0,perplexity,both,10,3115,0.00507,reported,0,,
2026-W31,lt-010,long_tail,0,youcom,ranked_results,10,925,0.005,estimated,1,6.0,
2026-W31,ls-010,local_shopping,0,linkup,ranked_results,10,1846,0.005,estimated,1,8.0,
2026-W31,ct-010,code_technical,0,exa,ranked_results,10,2188,0.007,reported,1,8.0,
2026-W31,gf-009,general_facts,0,perplexity,both,10,2741,0.00506,reported,1,10.0,
2026-W31,gf-010,general_facts,0,serper,ranked_results,8,1085,0.0003,estimated,1,10.0,
2026-W31,ls-010,local_shopping,0,youcom,ranked_results,10,632,0.005,estimated,1,7.0,
2026-W31,ct-010,code_technical,0,linkup,ranked_results,10,1490,0.005,estimated,1,7.0,
2026-W31,mh-010,multi_hop,0,exa,ranked_results,10,1533,0.007,reported,1,10.0,
2026-W31,ct-010,code_technical,0,youcom,ranked_results,10,808,0.005,estimated,1,7.0,
2026-W31,gf-010,general_facts,0,exa,ranked_results,10,1622,0.007,reported,1,10.0,
2026-W31,mh-010,multi_hop,0,linkup,ranked_results,10,1514,0.005,estimated,1,6.0,
2026-W31,lt-011,long_tail,0,serper,ranked_results,10,949,0.0003,estimated,0,,
2026-W31,gf-010,general_facts,0,linkup,ranked_results,10,1349,0.005,estimated,1,9.0,
2026-W31,mh-010,multi_hop,0,youcom,ranked_results,10,789,0.005,estimated,1,8.0,
2026-W31,ls-011,local_shopping,0,serper,ranked_results,10,1775,0.0003,estimated,1,8.0,
2026-W31,lt-010,long_tail,0,perplexity,both,10,5692,0.00549,reported,0,,
2026-W31,ls-010,local_shopping,0,perplexity,both,10,4782,0.00539,reported,1,8.0,
2026-W31,lt-011,long_tail,0,exa,ranked_results,10,1231,0.007,reported,1,7.0,
2026-W31,ct-010,code_technical,0,perplexity,both,10,3251,0.00531,reported,1,9.0,
2026-W31,gf-010,general_facts,0,youcom,ranked_results,10,746,0.005,estimated,1,10.0,
2026-W31,ct-011,code_technical,0,serper,ranked_results,10,1121,0.0003,estimated,1,7.0,
2026-W31,mh-010,multi_hop,0,perplexity,both,10,2164,0.00507,reported,1,9.0,
2026-W31,ls-011,local_shopping,0,exa,ranked_results,10,1591,0.007,reported,1,8.0,
2026-W31,lt-011,long_tail,0,linkup,ranked_results,10,1677,0.005,estimated,1,7.0,
2026-W31,mh-011,multi_hop,0,serper,ranked_results,9,1108,0.0003,estimated,1,10.0,
2026-W31,ct-011,code_technical,0,exa,ranked_results,10,1147,0.007,reported,1,9.0,
2026-W31,lt-011,long_tail,0,youcom,ranked_results,10,909,0.005,estimated,1,6.0,
2026-W31,gf-010,general_facts,0,perplexity,both,10,2142,0.00509,reported,1,10.0,
2026-W31,ls-011,local_shopping,0,linkup,ranked_results,10,1900,0.005,estimated,1,8.0,
2026-W31,gf-011,general_facts,0,serper,ranked_results,7,1171,0.0003,estimated,1,10.0,
2026-W31,ls-011,local_shopping,0,youcom,ranked_results,10,535,0.005,estimated,1,9.0,
2026-W31,mh-011,multi_hop,0,exa,ranked_results,10,1340,0.007,reported,1,10.0,
2026-W31,ct-011,code_technical,0,linkup,ranked_results,10,1591,0.005,estimated,1,8.0,
2026-W31,ct-011,code_technical,0,youcom,ranked_results,10,1074,0.005,estimated,1,8.0,
2026-W31,mh-011,multi_hop,0,linkup,ranked_results,10,1680,0.005,estimated,1,10.0,
2026-W31,gf-011,general_facts,0,exa,ranked_results,10,1925,0.007,reported,1,10.0,
2026-W31,lt-012,long_tail,0,serper,ranked_results,10,822,0.0003,estimated,1,8.0,
2026-W31,gf-011,general_facts,0,linkup,ranked_results,10,1092,0.005,estimated,1,9.0,
2026-W31,mh-011,multi_hop,0,youcom,ranked_results,10,969,0.005,estimated,1,10.0,
2026-W31,lt-011,long_tail,0,perplexity,both,10,5072,0.00551,reported,1,9.0,
2026-W31,ls-012,local_shopping,0,serper,ranked_results,9,1220,0.0003,estimated,1,8.0,
2026-W31,ls-011,local_shopping,0,perplexity,both,10,3661,0.00529,reported,1,8.0,
2026-W31,gf-011,general_facts,0,youcom,ranked_results,10,529,0.005,estimated,1,10.0,
2026-W31,ct-012,code_technical,0,serper,ranked_results,9,1352,0.0003,estimated,1,9.0,
2026-W31,mh-011,multi_hop,0,perplexity,both,10,2486,0.00508,reported,1,6.0,
2026-W31,ct-011,code_technical,0,perplexity,both,10,4602,0.00552,reported,1,8.0,
2026-W31,lt-012,long_tail,0,exa,ranked_results,10,3349,0.007,reported,1,9.0,
2026-W31,ls-012,local_shopping,0,exa,ranked_results,10,1354,0.007,reported,1,9.0,
2026-W31,ct-012,code_technical,0,exa,ranked_results,10,1090,0.007,reported,1,10.0,
2026-W31,mh-012,multi_hop,0,serper,ranked_results,9,1275,0.0003,estimated,1,9.0,
2026-W31,lt-012,long_tail,0,linkup,ranked_results,10,2237,0.005,estimated,1,9.0,
2026-W31,gf-011,general_facts,0,perplexity,both,10,2152,0.00503,reported,1,10.0,
2026-W31,lt-012,long_tail,0,youcom,ranked_results,10,782,0.005,estimated,1,8.0,
2026-W31,ls-012,local_shopping,0,linkup,ranked_results,10,1509,0.005,estimated,1,8.0,
2026-W31,mh-012,multi_hop,0,exa,ranked_results,10,1207,0.007,reported,1,9.0,
2026-W31,gf-012,general_facts,0,serper,ranked_results,9,1515,0.0003,estimated,1,9.0,
2026-W31,ct-012,code_technical,0,linkup,ranked_results,10,1330,0.005,estimated,1,8.0,
2026-W31,ls-012,local_shopping,0,youcom,ranked_results,10,898,0.005,estimated,1,8.0,
2026-W31,lt-012,long_tail,0,perplexity,both,10,4712,0.00549,reported,1,9.0,
