week,vendor,category,score,sd,se,n_queries,n_scored,coverage,p50_latency_ms,cost_usd,delta_from_best,pct_of_best,best_vendor,separated_from_best,n_common_with_best,ci95_low,ci95_high,status,n_vendor_success,n_missing_judgements,availability,analysis_version
2026-W34,exa,general_facts,9.92,0.277,0.055,25,25,1.0,1209,0.175,0.0,100.0,exa,,,9.8,10.0,published,25,0,1.0,publication-v3
2026-W34,perplexity,general_facts,9.909,0.294,0.063,25,22,0.88,2122,0.11169,0.011,99.9,exa,0,22,9.773,10.0,published,22,0,0.88,publication-v3
2026-W34,youcom,general_facts,9.72,0.458,0.092,25,25,1.0,586,0.125,0.2,98.0,exa,0,25,9.56,9.88,published,25,0,1.0,publication-v3
2026-W34,serper,general_facts,9.56,0.583,0.117,25,25,1.0,705,0.0075,0.36,96.4,exa,0,25,9.32,9.76,published,25,0,1.0,publication-v3
2026-W34,linkup,general_facts,9.44,0.583,0.117,25,25,1.0,1799,0.125,0.48,95.2,exa,1,25,9.2,9.64,published,25,0,1.0,publication-v3
2026-W34,exa,breaking_news,9.68,0.476,0.095,25,25,1.0,1501,0.175,0.0,100.0,exa,,,9.48,9.84,published,25,0,1.0,publication-v3
2026-W34,perplexity,breaking_news,9.458,0.588,0.12,25,24,0.96,2382,0.12253,0.222,97.7,exa,0,24,9.208,9.667,published,24,0,0.96,publication-v3
2026-W34,serper,breaking_news,9.12,1.301,0.26,25,25,1.0,662,0.0075,0.56,94.2,exa,0,25,8.56,9.56,published,25,0,1.0,publication-v3
2026-W34,youcom,breaking_news,8.52,1.711,0.342,25,25,1.0,671,0.125,1.16,88.0,exa,1,25,7.76,9.08,published,25,0,1.0,publication-v3
2026-W34,linkup,breaking_news,8.48,1.262,0.252,25,25,1.0,1838,0.125,1.2,87.6,exa,1,25,7.96,8.92,published,25,0,1.0,publication-v3
2026-W34,exa,local_shopping,8.88,0.526,0.105,25,25,1.0,1937,0.175,0.0,100.0,exa,,,8.64,9.08,published,25,0,1.0,publication-v3
2026-W34,perplexity,local_shopping,8.8,0.5,0.1,25,25,1.0,4254,0.1346,0.08,99.1,exa,0,25,8.6,8.96,published,25,0,1.0,publication-v3
2026-W34,youcom,local_shopping,8.4,1.08,0.216,25,25,1.0,624,0.125,0.48,94.6,exa,0,25,7.92,8.76,published,25,0,1.0,publication-v3
2026-W34,serper,local_shopping,8.28,1.061,0.212,25,25,1.0,1092,0.0075,0.6,93.2,exa,0,25,7.839,8.64,published,25,0,1.0,publication-v3
2026-W34,linkup,local_shopping,7.68,0.988,0.198,25,25,1.0,1989,0.125,1.2,86.5,exa,1,25,7.28,8.04,published,25,0,1.0,publication-v3
2026-W34,perplexity,code_technical,9.36,0.569,0.114,25,25,1.0,4079,0.13431,0.0,100.0,perplexity,,,9.16,9.56,published,25,0,1.0,publication-v3
2026-W34,serper,code_technical,8.88,0.781,0.156,25,25,1.0,759,0.0075,0.48,94.9,perplexity,1,25,8.56,9.16,published,25,0,1.0,publication-v3
2026-W34,exa,code_technical,8.88,1.691,0.338,25,25,1.0,1903,0.175,0.48,94.9,perplexity,0,25,8.16,9.32,published,25,0,1.0,publication-v3
2026-W34,linkup,code_technical,8.68,0.69,0.138,25,25,1.0,1879,0.125,0.68,92.7,perplexity,1,25,8.4,8.92,published,25,0,1.0,publication-v3
2026-W34,youcom,code_technical,8.64,1.114,0.223,25,25,1.0,594,0.125,0.72,92.3,perplexity,1,25,8.16,9.04,published,25,0,1.0,publication-v3
2026-W34,exa,multi_hop,9.4,0.957,0.191,25,25,1.0,1889,0.175,0.0,100.0,exa,,,9.039,9.76,published,25,0,1.0,publication-v3
2026-W34,perplexity,multi_hop,9.16,1.068,0.214,25,25,1.0,2139,0.12701,0.24,97.4,exa,0,25,8.72,9.52,published,25,0,1.0,publication-v3
2026-W34,serper,multi_hop,7.92,1.977,0.395,25,25,1.0,918,0.0075,1.48,84.3,exa,1,25,7.12,8.6,published,25,0,1.0,publication-v3
2026-W34,linkup,multi_hop,7.72,2.189,0.438,25,25,1.0,1952,0.125,1.68,82.1,exa,1,25,6.76,8.48,published,25,0,1.0,publication-v3
2026-W34,youcom,multi_hop,7.16,2.734,0.547,25,25,1.0,653,0.125,2.24,76.2,exa,1,25,6.079,8.16,published,25,0,1.0,publication-v3
2026-W34,perplexity,long_tail,8.76,0.436,0.087,25,25,1.0,5696,0.13848,0.0,100.0,perplexity,,,8.6,8.92,published,25,0,1.0,publication-v3
2026-W34,exa,long_tail,8.76,0.436,0.087,25,25,1.0,1908,0.175,0.0,100.0,perplexity,0,25,8.6,8.92,published,25,0,1.0,publication-v3
2026-W34,youcom,long_tail,7.56,1.325,0.265,25,25,1.0,628,0.125,1.2,86.3,perplexity,1,25,7.0,8.04,published,25,0,1.0,publication-v3
2026-W34,linkup,long_tail,7.52,0.872,0.174,25,25,1.0,1938,0.125,1.24,85.8,perplexity,1,25,7.16,7.84,published,25,0,1.0,publication-v3
2026-W34,serper,long_tail,7.36,1.15,0.23,25,25,1.0,787,0.0075,1.4,84.0,perplexity,1,25,6.88,7.761,published,25,0,1.0,publication-v3
